job_id,job_name,company_name,job_location,job_link,query
9e416224a42f0604,Alternance Developpeur FullStack - Montpellier (F/H),ISCOD,34000 Montpellier,https://fr.indeed.com/viewjob?jk=9e416224a42f0604,Developpeur
eefeba45683617ac,Ingénieur développeur C++ pour algorithmes géométriques,EFICAD,Télétravail partiel à 34280 La Grande-Motte,https://fr.indeed.com/viewjob?jk=eefeba45683617ac,Developpeur
93cf010474eec6d2,Développeur java H/F,Proman,34000 Montpellier,https://fr.indeed.com/viewjob?jk=93cf010474eec6d2,Developpeur
e5c530426e96dac1,Développeur IA H/F,Novapy Group,Télétravail partiel à 34070 Montpellier,https://fr.indeed.com/viewjob?jk=e5c530426e96dac1,Developpeur
e4a199ad102e8a49,Développeur Web Full-Stack Junior,Agoragom,Télétravail partiel à 34000 Montpellier,https://fr.indeed.com/viewjob?jk=e4a199ad102e8a49,Developpeur
fa8450581af53762,Développeur JavaScript Vue.js H/F,Lea Recrutement,Télétravail partiel à Montpellier (34),https://fr.indeed.com/viewjob?jk=fa8450581af53762,Developpeur
c758e275433f7b7e,Developpeur Web H/F,3WRH,Montpellier (34),https://fr.indeed.com/viewjob?jk=c758e275433f7b7e,Developpeur
afd4bbd09e6d8a3e,Developpeur Web H/F,Evalandgo,34000 Montpellier,https://fr.indeed.com/viewjob?jk=afd4bbd09e6d8a3e,Developpeur
6e5368d5834aa209,No Code Maker / Développeur No Code,Dimo Diagnostic,Montpellier (34),https://fr.indeed.com/viewjob?jk=6e5368d5834aa209,Developpeur
90f15572a893fa88,STAGE OU PREMIER CDI DEVELOPPEUSE/DEVELOPPEUR C# (.NET),Roxane SAS,34980 Saint-Gély-du-Fesc,https://fr.indeed.com/viewjob?jk=90f15572a893fa88,Developpeur
87835712bc8a5183,Développeur Fronted H/F,KUZZLE,Montpellier (34),https://fr.indeed.com/viewjob?jk=87835712bc8a5183,Developpeur
2c2a163405685a12,Alternance : Développeur(se) WEB F/H,CGI,Montpellier (34),https://fr.indeed.com/viewjob?jk=2c2a163405685a12,Developpeur
205d511b1eb4a0e2,Développeur Python/Bash H/F,Inetum,Montpellier (34),https://fr.indeed.com/viewjob?jk=205d511b1eb4a0e2,Developpeur
5756c2891d75857e,Stage Développeur PHP Symfony H/F,ACELYS SERVICES NUMERIQUES,34000 Montpellier,https://fr.indeed.com/viewjob?jk=5756c2891d75857e,Developpeur
b70965c63ac9ea39,DevOps en alternance H/F,Septeo,34970 Lattes,https://fr.indeed.com/viewjob?jk=b70965c63ac9ea39,Developpeur
b2a308788a902c7c,Développeur Python (H/F),Meritis,Montpellier (34),https://fr.indeed.com/viewjob?jk=b2a308788a902c7c,Developpeur
85c9ef06ffe3d120,Développeur VueJS H/F,My PepIT,Télétravail partiel à 34000 Montpellier,https://fr.indeed.com/viewjob?jk=85c9ef06ffe3d120,Developpeur
636e88d3a9e6c933,Développeur C# (H/F),Meritis,Montpellier (34),https://fr.indeed.com/viewjob?jk=636e88d3a9e6c933,Developpeur
e790fa8f979e1975,Ingénieur DevOps - Montpellier (H/F),EPSYL ALCEN,Montpellier (34),https://fr.indeed.com/viewjob?jk=e790fa8f979e1975,Developpeur
1e90342730c1b6b2,Developpeur full stack H/F,PROMAN,34000 Montpellier,https://fr.indeed.com/viewjob?jk=1e90342730c1b6b2,Developpeur
0447a612f4f0a1f8,DEVELOPPEUR JAVA (JAVAO1036) F/H,STUDIEL,Montpellier (34),https://fr.indeed.com/viewjob?jk=0447a612f4f0a1f8,Developpeur
2b28182a2ae1f447,Développeur(se) Python F/H,CGI,Montpellier (34),https://fr.indeed.com/viewjob?jk=2b28182a2ae1f447,Developpeur
32dba376968f75e0,Développeur MuleSoft (H/F),Orange,Montpellier (34),https://fr.indeed.com/viewjob?jk=32dba376968f75e0,Developpeur
2921ad1575046c0a,Developpeur Frontend e-santé H/F,Move In Med,Télétravail partiel à Baillargues (34),https://fr.indeed.com/viewjob?jk=2921ad1575046c0a,Developpeur
245dad111ec2272d,Développeur d'applications mobiles H/F,PRIMAL,Montpellier (34),https://fr.indeed.com/viewjob?jk=245dad111ec2272d,Developpeur
385652ff56b4e7f0,Développeur JAVA back end H/F,STEP UP,Télétravail partiel à 34000 Montpellier,https://fr.indeed.com/viewjob?jk=385652ff56b4e7f0,Developpeur
aaf71975427d67d2,Developpeur c# .net (f/h) (H/F),Conserto,34000 Montpellier,https://fr.indeed.com/viewjob?jk=aaf71975427d67d2,Developpeur
1416eff0a7a335a8,Développeur Full-Stack F/H,LEA Linking Executive Associates,Montpellier (34),https://fr.indeed.com/viewjob?jk=1416eff0a7a335a8,Developpeur
23d37fb21db0c4f4,(Lead) Développeur Back-End PHP Symfony H/F,Recrulab,34000 Montpellier,https://fr.indeed.com/viewjob?jk=23d37fb21db0c4f4,Developpeur
a03a4a009c29fe92,Développeur PHP,Synanto,34000 Montpellier,https://fr.indeed.com/viewjob?jk=a03a4a009c29fe92,Developpeur
2dc8ff4a2eec1617,DEVELOPPEUR INFORMATIQUE (F/H) - NIMES (30),Banque Populaire du Sud,Nîmes (30),https://fr.indeed.com/viewjob?jk=2dc8ff4a2eec1617,Developpeur
edda0efbb10ca972,Développeur informatique,Armée de terre,30000 Nîmes,https://fr.indeed.com/viewjob?jk=edda0efbb10ca972,Developpeur
2ccb4a0836ef7939,Software Developer F/M,Lyreco Management Integrations,France,https://fr.indeed.com/viewjob?jk=2ccb4a0836ef7939,Developpeur
dd4273c0f4cc500c,Alternant Développeur Interopérabilité H/F,BASTIDE LE CONFORT MEDICAL,30132 Caissargues,https://fr.indeed.com/viewjob?jk=dd4273c0f4cc500c,Developpeur
f59d2514bf8d91c7,DEVELOPPEUR INFORMATIQUE - NIMES (30) F/H,BP SUD,Nîmes (30),https://fr.indeed.com/viewjob?jk=f59d2514bf8d91c7,Developpeur
ad1112865cb2d249,Developpeur senior F/H,SAS LOAD STATIONS,Nîmes (30),https://fr.indeed.com/viewjob?jk=ad1112865cb2d249,Developpeur
65f513b07cd7cb2e,Développeur Full Stack (H/F),DOCARET,Nîmes (30),https://fr.indeed.com/viewjob?jk=65f513b07cd7cb2e,Developpeur
1051c0e641ac6159,Développeur full-stack,ITESOFT,30470 Aimargues,https://fr.indeed.com/viewjob?jk=1051c0e641ac6159,Developpeur
6723cce2615fe08a,Développeur Front,SADA Assurances,Nîmes (30),https://fr.indeed.com/viewjob?jk=6723cce2615fe08a,Developpeur
1c36c47bd23d4604,Alternant Développeur ABAP SAP H/F,BASTIDE LE CONFORT MEDICAL,30132 Caissargues,https://fr.indeed.com/viewjob?jk=1c36c47bd23d4604,Developpeur
a15686e85bd35989,Analyste développeur / développeuse (H/F),EASY4D,30000 Nîmes,https://fr.indeed.com/viewjob?jk=a15686e85bd35989,Developpeur
86fe70e30ba474ee,Développeur Fullstack,Itesoft,Aimargues (30),https://fr.indeed.com/viewjob?jk=86fe70e30ba474ee,Developpeur
6fb3bfae3a453c08,Frontend Developer,Nexway,Nîmes (30),https://fr.indeed.com/viewjob?jk=6fb3bfae3a453c08,Developpeur
2aa08137bfd98757,Développeur WordPress,Extern’Market,Calvisson (30),https://fr.indeed.com/viewjob?jk=2aa08137bfd98757,Developpeur
daefdc2b361e5d31,Acheteur Développeur Produits F/H/N,Bleu Libellule,30660 Gallargues-le-Montueux,https://fr.indeed.com/viewjob?jk=daefdc2b361e5d31,Developpeur
a750d79e797e295e,Développeur C# .Net (H/F),Chimirec,30300 Beaucaire,https://fr.indeed.com/viewjob?jk=a750d79e797e295e,Developpeur
2f316d4c7083fcaa,Analyste Développeur C# WPF – (H/F),ATIISS,34400 Lunel,https://fr.indeed.com/viewjob?jk=2f316d4c7083fcaa,Developpeur
95d0f6fa95ea7669,Développeur Full Stack H/F,AUDACE-RH cabinet de recrutement,Nîmes (30),https://fr.indeed.com/viewjob?jk=95d0f6fa95ea7669,Developpeur
4ec97719b3a79d76,Développeur C# .Net (H/F),Chimirec,Télétravail partiel à Beaucaire (30),https://fr.indeed.com/viewjob?jk=4ec97719b3a79d76,Developpeur
85463df896fe4500,Développeur Fullstack PHP / javascript,Elan Maintenance,30000 Nîmes,https://fr.indeed.com/viewjob?jk=85463df896fe4500,Developpeur
cb930dd60c1e8b99,Développeur informatique Full Stack Angular JS / PHP Laravel / C# (H/F),Pôle Emploi,30000 Nîmes,https://fr.indeed.com/viewjob?jk=cb930dd60c1e8b99,Developpeur
bd9720c675e55a69,Ingénieur Développeur en Systèmes Embarqués (H/F),ATIISS,34400 Lunel,https://fr.indeed.com/viewjob?jk=bd9720c675e55a69,Developpeur
9bcecf38d0ac5e0c,Ingénieur Développeur JAVA/EE – (H/F),ATIISS,34400 Lunel,https://fr.indeed.com/viewjob?jk=9bcecf38d0ac5e0c,Developpeur
baa161dbbfa3e1dd,Développeur Informatique senior H/F,SUD TRADING COMPANY,34400 Villetelle,https://fr.indeed.com/viewjob?jk=baa161dbbfa3e1dd,Developpeur
b8f4bac24664e412,Analyste développeur (H/F),Dhova,30000 Nîmes,https://fr.indeed.com/viewjob?jk=b8f4bac24664e412,Developpeur
235ce5308ddb9ee5,Développeur Back,SADA Assurances,Nîmes (30),https://fr.indeed.com/viewjob?jk=235ce5308ddb9ee5,Developpeur
d7d5093778cd569a,Développeur C# .NET F/H,6TM,30300 Beaucaire,https://fr.indeed.com/viewjob?jk=d7d5093778cd569a,Developpeur
698cf66b844e8dfb,Administrateur Systèmes / Devops (Linux),Abtel,Télétravail partiel à 30000 Nîmes,https://fr.indeed.com/viewjob?jk=698cf66b844e8dfb,Developpeur
43ad4467fd7d5af2,Développeur senior Back End Python,Déterminant,30900 Nîmes,https://fr.indeed.com/viewjob?jk=43ad4467fd7d5af2,Developpeur
